distance,distanceNum
95.422,1
6.208,1
6.211,1
6.212,1
6.215,1
6.22,1
6.226,1
6.231,1
6.237,1
6.241,1
6.246,1
6.249,1
6.252,1
6.255,1
6.205,1
6.26,1
6.262,1
3.038,1
6.263,1
6.264,1
6.268,1
6.273,1
6.277,1
6.278,1
6.279,1
3.028,1
3.027,1
6.285,1
6.286,1
6.261,1
6.287,1
6.204,1
3.066,1
6.09,1
6.091,1
6.093,1
6.097,1
6.098,1
6.116,1
6.117,1
6.119,1
6.122,1
6.125,1
6.13,1
6.138,1
6.15,1
6.203,1
3.101,1
6.159,1
6.16,1
6.165,1
6.168,1
3.086,1
6.172,1
6.173,1
6.179,1
6.181,1
6.187,1
6.188,1
6.191,1
3.069,1
6.155,1
6.087,1
6.288,1
6.296,1
6.371,1
6.374,1
6.375,1
6.376,1
2.961,1
6.381,1
6.383,1
6.385,1
6.386,1
6.393,1
6.401,1
6.404,1
2.946,1
6.369,1
6.405,1
6.41,1
2.935,1
6.428,1
6.429,1
6.436,1
6.437,1
6.441,1
6.444,1
6.451,1
6.461,1
6.462,1
6.464,1
6.465,1
6.407,1
6.29,1
6.365,1
6.361,1
6.298,1
3.014,1
6.301,1
6.304,1
6.307,1
6.308,1
6.309,1
6.311,1
6.313,1
6.314,1
6.316,1
2.998,1
6.317,1
6.364,1
6.32,1
6.331,1
6.332,1
6.334,1
6.336,1
6.337,1
6.34,1
6.344,1
6.345,1
6.346,1
6.349,1
6.351,1
6.357,1
6.359,1
6.33,1
6.466,1
6.085,1
6.083,1
5.803,1
5.804,1
5.805,1
5.807,1
5.808,1
5.809,1
5.812,1
5.814,1
3.268,1
5.818,1
5.82,1
5.822,1
5.826,1
5.799,1
5.832,1
5.845,1
3.258,1
5.854,1
5.859,1
5.86,1
5.861,1
5.862,1
5.868,1
5.869,1
5.87,1
5.875,1
5.879,1
5.88,1
5.843,1
3.241,1
3.287,1
3.295,1
5.714,1
5.715,1
5.716,1
5.717,1
5.718,1
5.719,1
5.721,1
3.335,1
5.726,1
5.727,1
5.728,1
5.729,1
5.731,1
5.788,1
5.755,1
5.759,1
5.76,1
3.319,1
5.762,1
5.764,1
5.765,1
5.767,1
3.307,1
3.306,1
5.771,1
5.777,1
5.779,1
3.298,1
5.758,1
6.084,1
5.885,1
3.236,1
5.994,1
5.996,1
3.172,1
3.171,1
5.998,1
5.999,1
6.0,1
6.006,1
3.162,1
6.007,1
6.011,1
6.015,1
6.017,1
5.993,1
6.025,1
6.033,1
6.039,1
6.044,1
6.053,1
6.055,1
6.057,1
6.058,1
6.06,1
6.062,1
6.066,1
3.136,1
6.073,1
6.082,1
6.032,1
5.896,1
5.992,1
5.985,1
5.903,1
5.905,1
5.909,1
5.914,1
5.915,1
5.916,1
5.918,1
5.919,1
5.92,1
5.923,1
5.927,1
3.215,1
5.928,1
5.99,1
5.93,1
3.207,1
5.941,1
5.943,1
5.948,1
5.954,1
5.957,1
5.96,1
5.961,1
5.968,1
5.974,1
5.975,1
5.978,1
5.981,1
3.208,1
6.475,1
6.476,1
6.48,1
2.64,1
2.635,1
6.937,1
6.939,1
6.941,1
2.63,1
6.944,1
6.947,1
6.948,1
6.952,1
6.955,1
6.957,1
6.959,1
6.936,1
6.96,1
6.962,1
2.611,1
6.966,1
6.975,1
6.981,1
6.988,1
6.992,1
6.994,1
6.995,1
6.998,1
7.001,1
2.598,1
2.595,1
2.619,1
7.004,1
6.935,1
6.931,1
2.693,1
6.845,1
6.847,1
6.851,1
6.853,1
6.855,1
6.856,1
6.857,1
6.859,1
6.86,1
6.861,1
6.862,1
6.863,1
6.934,1
6.869,1
6.871,1
6.883,1
6.884,1
6.887,1
6.889,1
6.891,1
6.9,1
6.902,1
6.907,1
2.655,1
6.911,1
6.915,1
6.927,1
6.87,1
6.844,1
7.009,1
7.011,1
7.125,1
7.131,1
7.135,1
7.137,1
7.14,1
7.148,1
7.15,1
7.159,1
7.163,1
7.164,1
7.172,1
7.173,1
7.178,1
7.124,1
7.18,1
7.186,1
7.195,1
7.204,1
7.205,1
7.213,1
7.214,1
7.217,1
2.489,1
7.218,1
7.224,1
7.233,1
7.235,1
2.479,1
7.181,1
7.01,1
7.123,1
7.113,1
7.012,1
7.014,1
7.015,1
2.582,1
7.016,1
7.019,1
7.035,1
7.038,1
7.041,1
7.052,1
7.054,1
7.056,1
7.057,1
7.119,1
7.063,1
7.065,1
7.066,1
7.07,1
7.078,1
7.082,1
7.088,1
7.095,1
7.1,1
7.101,1
7.107,1
7.108,1
7.109,1
7.111,1
2.566,1
6.836,1
6.831,1
6.827,1
6.56,1
6.563,1
6.564,1
6.567,1
6.571,1
6.576,1
6.578,1
6.579,1
6.581,1
6.587,1
6.589,1
2.821,1
6.59,1
6.556,1
6.596,1
6.6,1
6.604,1
6.611,1
6.616,1
6.617,1
6.623,1
6.624,1
6.625,1
2.804,1
6.627,1
6.629,1
6.631,1
6.632,1
6.599,1
6.64,1
6.554,1
2.851,1
2.899,1
6.484,1
6.489,1
6.49,1
6.492,1
6.494,1
6.502,1
6.505,1
6.506,1
6.507,1
6.508,1
6.511,1
2.875,1
2.846,1
2.874,1
2.871,1
2.868,1
6.518,1
6.52,1
6.521,1
6.523,1
6.529,1
6.531,1
6.534,1
2.856,1
6.544,1
6.55,1
6.551,1
6.515,1
6.644,1
6.645,1
6.647,1
6.752,1
6.754,1
6.761,1
6.768,1
6.769,1
6.771,1
6.772,1
6.773,1
6.774,1
6.775,1
6.781,1
6.789,1
2.722,1
6.751,1
2.721,1
6.799,1
6.801,1
6.803,1
6.808,1
6.809,1
6.812,1
6.813,1
6.815,1
2.708,1
6.819,1
6.821,1
6.822,1
6.823,1
6.791,1
6.749,1
6.747,1
6.742,1
6.663,1
2.789,1
2.788,1
6.664,1
6.665,1
6.667,1
2.784,1
6.671,1
6.673,1
6.677,1
6.681,1
6.686,1
6.688,1
6.691,1
6.694,1
6.696,1
2.771,1
2.769,1
4.274,1
6.699,1
6.704,1
6.707,1
6.708,1
6.72,1
6.722,1
6.723,1
6.724,1
6.727,1
6.737,1
3.347,1
7.236,1
5.713,1
5.707,1
3.968,1
4.767,1
4.773,1
3.962,1
3.958,1
3.957,1
3.955,1
3.954,1
4.797,1
3.946,1
4.8,1
4.809,1
3.94,1
3.969,1
4.81,1
4.813,1
4.816,1
4.817,1
4.819,1
4.82,1
4.823,1
3.928,1
3.927,1
4.825,1
4.83,1
4.834,1
4.838,1
4.84,1
4.812,1
4.844,1
4.764,1
4.753,1
4.678,1
4.68,1
4.02,1
4.019,1
4.014,1
4.687,1
4.011,1
4.01,1
4.697,1
4.699,1
4.005,1
4.003,1
4.709,1
3.973,1
3.998,1
4.711,1
4.719,1
4.721,1
4.724,1
3.992,1
4.729,1
4.73,1
4.736,1
3.986,1
4.739,1
4.744,1
4.75,1
4.752,1
4.71,1
4.673,1
3.912,1
4.858,1
4.947,1
4.948,1
4.954,1
3.837,1
4.955,1
4.957,1
4.958,1
4.964,1
4.967,1
4.974,1
4.975,1
4.976,1
4.978,1
4.941,1
3.824,1
3.822,1
4.982,1
4.983,1
4.985,1
4.988,1
3.814,1
4.994,1
4.996,1
4.997,1
4.998,1
5.002,1
5.006,1
5.011,1
4.98,1
4.854,1
4.935,1
3.853,1
4.861,1
3.9,1
4.877,1
4.879,1
3.897,1
3.895,1
4.884,1
4.889,1
4.89,1
3.889,1
4.899,1
4.9,1
3.886,1
3.851,1
4.903,1
4.904,1
3.879,1
4.908,1
4.91,1
4.917,1
3.868,1
4.922,1
3.864,1
3.863,1
4.923,1
4.925,1
4.927,1
4.931,1
3.882,1
5.016,1
4.026,1
4.667,1
4.385,1
4.388,1
4.201,1
4.393,1
4.405,1
93.208,1
4.412,1
4.193,1
4.423,1
4.426,1
4.428,1
4.185,1
4.441,1
4.383,1
4.181,1
4.445,1
4.446,1
4.448,1
4.451,1
4.175,1
4.174,1
4.453,1
4.166,1
4.165,1
4.164,1
4.157,1
4.156,1
4.155,1
4.18,1
4.483,1
4.381,1
4.21,1
4.279,1
4.263,1
4.258,1
4.256,1
4.292,1
4.299,1
4.312,1
4.246,1
4.314,1
4.315,1
4.318,1
4.319,1
4.325,1
4.379,1
4.333,1
4.232,1
4.228,1
4.344,1
4.345,1
4.347,1
4.348,1
4.356,1
4.22,1
4.362,1
4.216,1
4.215,1
4.212,1
4.378,1
4.336,1
4.672,1
4.153,1
4.488,1
4.086,1
4.594,1
4.597,1
4.6,1
4.08,1
4.608,1
4.61,1
4.611,1
4.612,1
4.619,1
4.065,1
4.064,1
4.626,1
4.087,1
4.631,1
4.632,1
4.635,1
4.636,1
4.054,1
4.639,1
4.641,1
4.642,1
4.649,1
4.65,1
4.652,1
4.042,1
4.654,1
4.656,1
4.06,1
4.486,1
4.591,1
4.091,1
4.489,1
4.147,1
4.492,1
4.495,1
4.5,1
4.505,1
4.506,1
4.513,1
4.514,1
4.516,1
4.52,1
4.521,1
4.523,1
4.588,1
4.526,1
4.531,1
4.535,1
4.538,1
4.54,1
4.55,1
4.109,1
4.107,1
4.555,1
4.571,1
4.099,1
4.578,1
4.579,1
4.581,1
4.53,1
3.794,1
5.025,1
5.028,1
5.483,1
5.484,1
5.488,1
3.502,1
5.489,1
5.491,1
3.499,1
5.492,1
5.493,1
5.495,1
3.493,1
5.497,1
5.5,1
5.476,1
3.49,1
3.486,1
5.509,1
5.511,1
5.516,1
5.517,1
5.518,1
5.52,1
3.474,1
5.528,1
5.532,1
5.538,1
5.54,1
5.541,1
5.506,1
5.545,1
5.474,1
3.512,1
3.555,1
5.421,1
3.55,1
3.549,1
3.548,1
5.431,1
5.435,1
5.436,1
5.439,1
5.446,1
3.538,1
5.447,1
5.448,1
5.473,1
5.453,1
5.454,1
3.531,1
5.455,1
5.459,1
5.46,1
5.463,1
5.464,1
5.465,1
5.466,1
5.469,1
5.471,1
3.514,1
5.472,1
3.533,1
3.556,1
5.546,1
5.551,1
5.637,1
5.638,1
5.639,1
5.641,1
5.643,1
3.389,1
3.387,1
5.646,1
5.648,1
5.654,1
5.655,1
5.664,1
5.666,1
5.634,1
5.67,1
5.674,1
5.675,1
5.678,1
5.683,1
5.685,1
5.686,1
5.687,1
5.688,1
5.689,1
5.701,1
5.702,1
3.355,1
3.354,1
5.672,1
5.547,1
5.627,1
5.623,1
5.553,1
5.557,1
5.559,1
5.561,1
3.447,1
5.57,1
5.574,1
3.441,1
5.579,1
3.437,1
5.584,1
3.435,1
5.585,1
5.626,1
5.586,1
5.588,1
5.591,1
5.595,1
5.603,1
5.606,1
5.608,1
5.612,1
5.613,1
5.614,1
3.414,1
3.413,1
5.615,1
5.617,1
5.587,1
5.418,1
5.416,1
5.415,1
3.718,1
5.165,1
5.166,1
5.173,1
5.177,1
3.711,1
5.178,1
5.179,1
3.705,1
5.187,1
3.701,1
5.189,1
5.19,1
5.161,1
5.193,1
5.196,1
5.197,1
3.694,1
5.204,1
5.209,1
5.212,1
5.214,1
5.217,1
5.218,1
5.229,1
5.231,1
5.232,1
3.679,1
5.194,1
5.235,1
5.16,1
5.152,1
5.029,1
3.788,1
3.787,1
5.031,1
3.784,1
5.037,1
5.038,1
3.777,1
3.775,1
5.066,1
5.069,1
3.765,1
5.085,1
5.156,1
5.086,1
5.098,1
3.755,1
5.101,1
3.752,1
5.125,1
5.126,1
5.127,1
5.128,1
5.13,1
5.133,1
3.734,1
3.733,1
5.146,1
5.093,1
5.236,1
3.67,1
5.247,1
3.603,1
5.343,1
3.601,1
5.344,1
5.347,1
3.598,1
5.349,1
3.595,1
3.594,1
3.593,1
5.354,1
5.355,1
5.357,1
5.34,1
5.359,1
5.38,1
5.382,1
5.384,1
3.577,1
5.385,1
5.391,1
5.392,1
5.394,1
5.398,1
5.399,1
5.405,1
5.408,1
5.409,1
5.376,1
5.339,1
5.338,1
5.337,1
5.25,1
5.256,1
5.266,1
5.273,1
5.274,1
5.277,1
3.647,1
5.284,1
3.641,1
5.292,1
5.293,1
3.636,1
3.635,1
5.297,1
5.298,1
3.63,1
5.3,1
5.302,1
5.305,1
5.306,1
5.311,1
3.619,1
5.319,1
5.324,1
5.325,1
5.326,1
5.334,1
5.335,1
3.61,1
5.712,1
7.238,1
2.768,1
7.24,1
9.43,1
9.435,1
9.443,1
1.599,1
9.447,1
9.448,1
9.449,1
9.463,1
9.465,1
9.469,1
9.477,1
9.479,1
9.484,1
9.485,1
9.505,1
9.51,1
9.517,1
9.629,1
9.616,1
9.612,1
9.604,1
9.602,1
9.598,1
1.604,1
9.588,1
9.565,1
9.558,1
9.545,1
9.532,1
9.531,1
9.527,1
9.569,1
9.63,1
9.429,1
9.423,1
9.24,1
9.243,1
9.245,1
9.253,1
9.256,1
9.269,1
1.653,1
9.282,1
9.286,1
9.293,1
9.3,1
9.306,1
9.312,1
9.318,1
1.637,1
9.334,1
9.341,1
1.617,1
9.407,1
9.405,1
9.404,1
9.389,1
9.387,1
9.428,1
9.386,1
9.364,1
9.358,1
1.629,1
9.355,1
9.348,1
9.345,1
9.371,1
9.639,1
9.642,1
9.644,1
9.929,1
9.933,1
9.934,1
9.935,1
9.94,1
9.952,1
9.957,1
9.961,1
9.99,1
9.991,1
9.995,1
9.998,1
10.006,1
10.012,1
10.018,1
10.03,1
1.407,1
10.163,1
10.136,1
10.135,1
10.126,1
10.12,1
10.113,1
9.921,1
10.086,1
10.074,1
1.401,1
10.057,1
10.053,1
10.035,1
10.031,1
10.084,1
9.904,1
9.9,1
9.896,1
9.746,1
9.741,1
9.73,1
9.721,1
9.718,1
9.715,1
1.516,1
9.71,1
9.691,1
9.683,1
9.681,1
9.671,1
9.659,1
9.65,1
9.704,1
9.232,1
9.747,1
9.755,1
9.881,1
9.875,1
9.872,1
9.861,1
9.844,1
9.838,1
9.752,1
9.829,1
9.823,1
9.791,1
9.772,1
9.771,1
9.77,1
9.767,1
1.474,1
9.23,1
9.224,1
9.223,1
8.69,1
8.692,1
8.695,1
8.696,1
8.698,1
8.704,1
8.705,1
8.708,1
8.725,1
8.729,1
8.735,1
8.736,1
8.744,1
8.745,1
8.746,1
8.756,1
8.77,1
1.797,1
8.844,1
8.842,1
8.821,1
1.805,1
8.819,1
8.688,1
8.818,1
8.813,1
8.805,1
8.794,1
8.79,1
8.781,1
8.775,1
8.815,1
1.847,1
1.857,1
8.676,1
8.576,1
8.572,1
8.566,1
8.565,1
8.564,1
8.553,1
8.58,1
8.535,1
8.513,1
8.512,1
8.511,1
8.51,1
8.507,1
1.911,1
8.532,1
8.845,1
8.582,1
8.592,1
8.674,1
8.662,1
8.654,1
8.642,1
1.865,1
8.639,1
8.589,1
8.623,1
8.616,1
1.877,1
8.608,1
8.607,1
8.598,1
8.595,1
8.621,1
10.168,1
8.856,1
8.861,1
7.239,1
9.077,1
1.728,1
9.09,1
9.096,1
9.097,1
9.116,1
9.118,1
9.12,1
9.124,1
9.128,1
9.13,1
9.131,1
9.132,1
9.134,1
1.697,1
9.139,1
9.215,1
9.214,1
9.21,1
9.206,1
9.205,1
9.201,1
9.067,1
9.184,1
9.18,1
9.178,1
9.159,1
9.151,1
9.142,1
9.14,1
9.181,1
9.066,1
9.062,1
9.059,1
8.925,1
8.918,1
8.916,1
8.914,1
8.908,1
8.9,1
8.931,1
8.899,1
8.887,1
8.881,1
8.879,1
8.874,1
8.866,1
8.865,1
8.889,1
8.86,1
8.945,1
8.981,1
9.045,1
9.041,1
9.033,1
9.032,1
9.031,1
9.029,1
8.95,1
9.023,1
9.009,1
8.999,1
8.984,1
8.982,1
1.752,1
1.754,1
9.013,1
10.169,1
10.18,1
10.182,1
12.49,1
12.501,1
12.529,1
12.536,1
0.879,1
12.545,1
12.556,1
12.57,1
12.584,1
12.625,1
12.651,1
12.705,1
12.756,1
12.935,1
12.936,1
12.944,1
12.945,1
13.213,1
13.21,1
13.192,1
13.19,1
0.795,1
13.187,1
12.469,1
13.12,1
13.105,1
13.09,1
13.018,1
0.803,1
12.999,1
12.988,1
13.11,1
12.449,1
12.446,1
12.443,1
12.098,1
12.075,1
12.063,1
12.058,1
12.049,1
11.996,1
12.108,1
11.995,1
11.926,1
11.854,1
11.827,1
11.783,1
11.742,1
11.723,1
11.976,1
13.221,1
12.115,1
12.183,1
12.429,1
12.353,1
12.327,1
12.299,1
12.276,1
12.271,1
12.152,1
12.268,1
12.256,1
12.231,1
0.955,1
12.226,1
12.197,1
12.189,1
12.264,1
11.714,1
13.226,1
13.315,1
15.33,1
15.35,1
15.462,1
15.505,1
15.519,1
15.607,1
0.507,1
15.679,1
15.735,1
16.194,1
16.423,1
16.438,1
16.466,1
16.702,1
16.765,1
17.07,1
17.083,1
0.147,1
90.501,1
86.571,1
32.497,1
20.925,1
19.26,1
15.296,1
19.149,1
18.922,1
18.765,1
18.027,1
17.65,1
17.619,1
17.232,1
19.137,1
15.264,1
15.18,1
15.173,1
14.141,1
14.04,1
14.012,1
13.808,1
13.751,1
13.749,1
0.677,1
13.676,1
13.539,1
13.534,1
13.479,1
13.357,1
13.354,1
13.342,1
13.554,1
13.266,1
14.152,1
14.168,1
15.147,1
15.135,1
15.025,1
15.024,1
14.924,1
0.614,1
14.166,1
14.807,1
14.503,1
0.652,1
14.406,1
14.359,1
14.319,1
14.178,1
14.683,1
8.504,1
11.682,1
1.023,1
10.575,1
1.278,1
10.576,1
10.577,1
10.587,1
10.608,1
10.619,1
10.648,1
10.651,1
10.652,1
10.668,1
10.676,1
10.683,1
10.695,1
10.7,1
10.709,1
10.724,1
10.848,1
1.21,1
10.844,1
10.828,1
10.813,1
10.809,1
10.514,1
10.799,1
10.775,1
10.764,1
1.231,1
10.753,1
10.734,1
10.727,1
10.787,1
10.502,1
10.495,1
10.478,1
10.332,1
10.331,1
10.326,1
10.319,1
10.305,1
10.301,1
10.333,1
10.293,1
10.273,1
10.27,1
10.247,1
10.24,1
10.199,1
10.189,1
10.282,1
10.851,1
10.34,1
10.36,1
10.473,1
10.468,1
10.459,1
10.458,1
10.453,1
10.413,1
10.348,1
10.411,1
10.404,1
10.385,1
10.366,1
1.318,1
10.364,1
10.363,1
10.406,1
11.678,1
10.856,1
10.858,1
11.331,1
11.333,1
11.337,1
11.353,1
11.36,1
11.374,1
11.375,1
11.402,1
11.405,1
11.411,1
11.414,1
11.431,1
11.447,1
11.463,1
11.465,1
11.469,1
11.471,1
11.676,1
11.655,1
11.644,1
11.637,1
11.629,1
11.586,1
11.326,1
11.58,1
11.568,1
11.5,1
1.054,1
11.494,1
11.488,1
1.058,1
11.578,1
11.304,1
11.286,1
11.274,1
11.023,1
11.017,1
10.998,1
1.169,1
10.987,1
10.977,1
11.035,1
10.946,1
10.909,1
10.885,1
1.186,1
10.88,1
10.865,1
10.86,1
10.917,1
1.193,1
11.063,1
11.079,1
11.268,1
11.25,1
11.225,1
11.207,1
11.181,1
11.153,1
11.076,1
11.139,1
11.127,1
1.149,1
1.151,1
11.12,1
11.104,1
11.099,1
11.134,1
8.5,1
9.072,1
7.838,1
7.953,1
7.488,1
7.485,1
7.957,1
2.123,1
7.968,1
7.481,1
7.48,1
7.476,1
7.972,1
7.974,1
7.977,1
2.363,1
7.98,1
7.473,1
7.989,1
7.99,1
7.472,1
7.991,1
7.462,1
7.46,1
7.952,1
7.502,1
7.951,1
7.943,1
7.529,1
7.528,1
7.899,1
7.524,1
7.901,1
7.903,1
7.911,1
2.346,1
7.914,1
7.513,1
8.005,1
7.915,1
7.922,1
7.923,1
7.924,1
7.509,1
7.926,1
7.929,1
7.93,1
7.935,1
7.937,1
7.941,1
7.919,1
8.006,1
7.448,1
8.01,1
8.102,1
7.409,1
2.07,1
7.408,1
7.402,1
8.106,1
2.068,1
2.397,1
8.108,1
8.116,1
7.417,1
8.118,1
8.121,1
8.125,1
8.126,1
8.131,1
7.391,1
8.137,1
8.138,1
7.383,1
2.052,1
7.381,1
7.394,1
7.895,1
8.099,1
8.097,1
7.446,1
8.018,1
8.019,1
8.02,1
8.021,1
7.445,1
7.44,1
7.439,1
8.048,1
8.049,1
7.424,1
8.067,1
7.429,1
8.068,1
8.07,1
8.073,1
8.074,1
8.08,1
8.086,1
8.092,1
7.426,1
8.096,1
7.433,1
7.892,1
7.891,1
7.53,1
2.275,1
7.757,1
7.652,1
7.764,1
7.647,1
7.646,1
7.774,1
7.781,1
7.641,1
7.792,1
7.754,1
7.64,1
7.795,1
7.796,1
7.638,1
7.636,1
7.797,1
7.798,1
7.633,1
7.804,1
7.632,1
7.807,1
2.214,1
7.813,1
2.227,1
2.228,1
7.68,1
7.688,1
2.248,1
7.698,1
7.703,1
7.705,1
7.706,1
7.723,1
7.669,1
7.733,1
7.657,1
2.236,1
7.664,1
7.736,1
7.737,1
2.263,1
2.269,1
2.27,1
7.744,1
7.746,1
7.661,1
7.658,1
7.668,1
2.05,1
7.819,1
7.63,1
7.864,1
7.865,1
7.574,1
7.868,1
2.178,1
7.869,1
7.567,1
7.566,1
7.565,1
7.556,1
7.862,1
7.873,1
7.549,1
2.172,1
7.548,1
7.538,1
7.879,1
7.537,1
7.88,1
7.881,1
7.887,1
7.89,1
7.553,1
7.824,1
7.576,1
7.581,1
7.829,1
7.831,1
7.832,1
2.294,1
7.839,1
7.841,1
7.611,1
7.61,1
7.842,1
7.843,1
7.861,1
7.845,1
7.598,1
7.847,1
7.597,1
7.593,1
7.849,1
2.308,1
2.309,1
7.854,1
7.856,1
7.857,1
7.6,1
8.144,1
7.683,1
8.163,1
8.287,1
8.423,1
8.291,1
8.422,1
8.42,1
8.417,1
8.295,1
7.325,1
7.324,1
2.005,1
7.321,1
7.32,1
8.304,1
7.278,1
2.002,1
8.283,1
8.28,1
8.426,1
2.461,1
8.452,1
2.019,1
2.42,1
8.445,1
1.933,1
8.257,1
7.329,1
7.315,1
8.437,1
8.262,1
8.427,1
8.268,1
8.269,1
8.278,1
7.327,1
1.95,1
2.462,1
8.455,1
2.438,1
7.314,1
8.379,1
8.373,1
8.372,1
1.973,1
8.342,1
8.371,1
7.304,1
7.302,1
8.367,1
7.3,1
7.298,1
8.365,1
8.363,1
8.359,1
8.362,1
7.29,1
8.382,1
2.444,1
8.16,1
8.316,1
7.313,1
7.312,1
8.406,1
7.283,1
8.321,1
7.308,1
8.413,1
7.284,1
7.286,1
8.335,1
8.405,1
2.443,1
1.996,1
8.396,1
8.394,1
8.326,1
7.331,1
7.296,1
7.332,1
8.471,1
7.247,1
8.173,1
7.363,1
7.25,1
8.215,1
7.256,1
2.471,1
7.343,1
8.179,1
8.48,1
7.254,1
2.413,1
8.18,1
7.358,1
8.472,1
8.208,1
7.251,1
8.207,1
8.465,1
8.477,1
2.039,1
7.355,1
7.344,1
8.185,1
8.476,1
7.349,1
8.225,1
8.226,1
8.188,1
7.266,1
8.47,1
7.264,1
7.241,1
8.242,1
8.165,1
7.337,1
2.415,1
7.262,1
8.232,1
8.488,1
8.231,1
7.366,1
8.171,1
8.468,1
4.934,2
4.946,2
7.606,2
4.799,2
4.382,2
4.933,2
6.735,2
4.278,2
7.295,2
7.23,2
4.824,2
7.169,2
15.402,2
4.945,2
7.583,2
7.591,2
7.67,2
4.943,2
4.361,2
4.936,2
4.814,2
7.232,2
6.825,2
4.801,2
4.944,2
7.294,2
11.391,2
4.37,2
4.288,2
4.364,2
4.802,2
4.811,2
6.746,2
4.303,2
4.869,2
4.872,2
4.876,2
7.215,2
7.188,2
4.794,2
4.322,2
4.906,2
4.881,2
7.201,2
4.343,2
7.654,2
6.79,2
4.33,2
4.882,2
4.34,2
6.783,2
6.782,2
4.891,2
4.335,2
7.644,2
7.268,2
7.651,2
4.865,2
4.358,2
4.863,2
4.918,2
4.306,2
7.229,2
4.831,2
4.93,2
6.739,2
7.662,2
6.811,2
4.836,2
11.187,2
6.748,2
6.81,2
7.613,2
4.846,2
4.847,2
4.357,2
7.628,2
4.85,2
4.851,2
6.804,2
7.255,2
7.631,2
4.862,2
7.183,2
4.355,2
7.192,2
4.434,2
4.788,2
4.509,2
7.428,2
4.621,2
4.507,2
4.623,2
6.964,2
7.339,2
4.501,2
7.435,2
6.721,2
4.499,2
4.498,2
4.493,2
4.49,2
7.069,2
4.637,2
12.261,2
4.664,2
4.661,2
4.659,2
4.657,2
7.081,2
7.08,2
4.51,2
4.655,2
6.946,2
7.074,2
7.45,2
4.648,2
4.644,2
6.951,2
7.461,2
4.511,2
4.615,2
4.613,2
7.007,2
4.586,2
4.585,2
7.008,2
4.543,2
7.389,2
7.021,2
4.573,2
4.566,2
4.553,2
4.562,2
4.557,2
7.368,2
4.554,2
7.386,2
4.669,2
7.023,2
4.589,2
6.983,2
4.515,2
6.987,2
4.607,2
4.602,2
7.053,2
4.534,2
4.601,2
4.598,2
7.347,2
4.529,2
7.396,2
7.037,2
7.395,2
7.048,2
4.789,2
4.67,2
7.087,2
7.523,2
4.731,2
4.435,2
4.738,2
6.882,2
4.741,2
7.126,2
4.742,2
4.425,2
7.534,2
7.535,2
7.129,2
4.417,2
7.536,2
4.755,2
4.758,2
4.76,2
4.785,2
4.384,2
4.78,2
11.429,2
6.854,2
4.775,2
4.439,2
4.772,2
4.391,2
7.301,2
7.303,2
4.41,2
4.413,2
7.13,2
7.141,2
4.727,2
6.895,2
4.442,2
4.69,2
7.495,2
7.489,2
4.684,2
4.682,2
4.681,2
6.922,2
12.028,2
4.46,2
4.462,2
4.471,2
4.676,2
4.474,2
4.48,2
4.459,2
7.083,2
6.917,2
4.696,2
6.897,2
7.52,2
7.115,2
6.903,2
6.905,2
4.708,2
4.692,2
7.317,2
4.703,2
7.09,2
4.702,2
7.499,2
7.498,2
6.916,2
4.707,2
7.442,2
8.494,2
6.719,2
6.256,2
5.632,2
5.631,2
8.206,2
5.622,2
5.621,2
5.62,2
8.198,2
6.253,2
5.616,2
9.122,2
9.125,2
5.609,2
9.126,2
5.607,2
5.6,2
5.599,2
8.167,2
9.119,2
6.284,2
9.07,2
5.645,2
8.976,2
6.195,2
8.995,2
5.684,2
8.261,2
5.68,2
6.214,2
5.673,2
5.642,2
6.218,2
9.03,2
8.256,2
5.665,2
8.252,2
5.662,2
8.233,2
6.239,2
9.057,2
5.671,2
8.139,2
5.577,2
6.291,2
6.326,2
5.508,2
5.507,2
8.098,2
8.095,2
8.093,2
6.338,2
5.494,2
6.325,2
9.361,2
5.482,2
5.48,2
5.479,2
8.05,2
8.046,2
8.026,2
6.373,2
5.47,2
6.354,2
6.318,2
9.257,2
5.519,2
6.294,2
5.571,2
5.569,2
9.191,2
5.565,2
5.564,2
5.562,2
8.132,2
5.556,2
5.555,2
6.306,2
5.55,2
5.543,2
6.312,2
5.539,2
5.53,2
5.526,2
5.523,2
5.521,2
5.703,2
8.957,2
5.705,2
5.71,2
5.91,2
5.907,2
6.042,2
5.904,2
5.898,2
5.897,2
8.636,2
5.883,2
6.031,2
5.882,2
6.069,2
5.865,2
6.071,2
6.078,2
6.08,2
5.857,2
5.847,2
8.702,2
8.414,2
6.014,2
6.012,2
8.467,2
5.986,2
5.982,2
8.506,2
8.483,2
5.977,2
5.997,2
5.973,2
5.971,2
8.514,2
8.515,2
5.956,2
5.955,2
5.95,2
6.003,2
6.005,2
5.938,2
5.933,2
8.57,2
6.009,2
5.827,2
8.025,2
5.817,2
6.111,2
6.163,2
5.757,2
5.75,2
5.746,2
5.742,2
5.733,2
6.169,2
8.309,2
6.157,2
6.17,2
6.176,2
5.72,2
8.302,2
8.904,2
6.184,2
6.192,2
6.193,2
5.711,2
5.724,2
8.337,2
8.837,2
8.83,2
6.112,2
6.118,2
8.361,2
5.801,2
6.126,2
5.794,2
8.797,2
5.784,2
5.782,2
6.128,2
5.781,2
8.352,2
5.78,2
6.134,2
5.774,2
6.145,2
5.768,2
6.149,2
8.34,2
5.815,2
4.952,2
9.434,2
6.384,2
6.591,2
5.154,2
6.594,2
5.151,2
5.15,2
5.149,2
5.145,2
10.283,2
5.159,2
5.141,2
5.134,2
6.601,2
10.313,2
5.117,2
5.113,2
5.112,2
5.108,2
7.806,2
5.139,2
7.805,2
8.495,2
6.585,2
5.215,2
7.859,2
6.562,2
5.207,2
5.198,2
10.067,2
6.568,2
6.569,2
5.164,2
10.092,2
6.575,2
5.185,2
5.183,2
5.182,2
5.18,2
6.582,2
6.583,2
5.167,2
6.572,2
5.099,2
5.092,2
5.09,2
6.669,2
5.001,2
5.0,2
6.67,2
7.738,2
4.993,2
10.641,2
6.678,2
5.005,2
7.735,2
7.732,2
10.713,2
4.972,2
4.97,2
7.696,2
6.705,2
4.956,2
7.685,2
4.981,2
7.739,2
5.008,2
5.017,2
5.089,2
5.084,2
5.082,2
5.079,2
5.078,2
6.633,2
5.065,2
5.064,2
5.063,2
5.062,2
5.06,2
5.05,2
6.646,2
6.648,2
6.654,2
6.659,2
5.026,2
7.751,2
5.021,2
5.216,2
5.228,2
7.867,2
5.233,2
5.397,2
5.396,2
7.956,2
6.445,2
5.388,2
5.387,2
6.452,2
6.458,2
5.406,2
9.638,2
6.46,2
5.377,2
9.643,2
5.371,2
5.37,2
5.369,2
5.368,2
5.364,2
5.383,2
9.574,2
6.434,2
6.433,2
8.007,2
6.387,2
6.39,2
5.449,2
6.392,2
6.397,2
8.002,2
5.44,2
6.402,2
7.993,2
9.498,2
5.428,2
5.427,2
5.425,2
6.406,2
5.424,2
5.42,2
5.419,2
6.414,2
6.474,2
5.457,2
5.35,2
6.483,2
5.285,2
5.278,2
5.276,2
6.527,2
5.272,2
5.267,2
5.261,2
5.26,2
9.913,2
5.257,2
5.254,2
6.539,2
6.54,2
6.541,2
5.246,2
5.245,2
5.242,2
6.543,2
7.871,2
5.286,2
5.291,2
6.517,2
6.485,2
6.488,2
5.336,2
6.496,2
6.501,2
5.333,2
5.329,2
6.503,2
9.824,2
5.316,2
5.315,2
5.309,2
5.307,2
6.51,2
7.898,2
7.897,2
6.516,2
5.295,2
9.882,2
6.481,2
4.272,2
4.409,2
2.974,2
2.945,2
2.959,2
3.656,2
4.085,2
2.146,2
4.088,2
3.655,2
3.652,2
2.96,2
4.092,2
3.642,2
3.64,2
3.633,2
2.984,2
2.999,2
3.664,2
4.079,2
4.078,2
2.942,2
4.035,2
3.717,2
3.716,2
2.855,2
2.857,2
3.7,2
4.05,2
4.102,2
2.898,2
4.056,2
4.058,2
4.061,2
3.676,2
2.193,2
2.192,2
4.07,2
2.901,2
2.834,2
3.899,2
4.108,2
3.092,2
4.138,2
4.139,2
4.14,2
3.564,2
3.094,2
3.559,2
3.104,2
1.84,2
3.543,2
4.158,2
1.823,2
3.539,2
4.16,2
3.105,2
3.09,2
3.574,2
3.575,2
4.131,2
3.613,2
3.029,2
3.611,2
3.608,2
2.069,2
3.03,2
2.043,2
2.091,2
3.597,2
3.588,2
3.055,2
3.058,2
3.584,2
4.126,2
1.96,2
1.955,2
3.596,2
2.829,2
3.726,2
2.824,2
3.836,2
3.832,2
3.825,2
3.819,2
3.943,2
3.944,2
3.817,2
2.702,2
2.478,2
3.812,2
3.809,2
3.806,2
3.956,2
2.714,2
2.724,2
3.838,2
2.508,2
2.509,2
2.654,2
2.571,2
3.907,2
3.89,2
3.88,2
2.609,2
3.871,2
3.913,2
3.793,2
2.629,2
2.632,2
2.645,2
3.924,2
2.65,2
3.858,2
3.929,2
3.93,2
3.918,2
3.792,2
2.455,2
2.727,2
3.756,2
4.001,2
3.753,2
4.002,2
2.793,2
4.007,2
2.362,2
2.382,2
3.745,2
2.327,2
4.016,2
4.017,2
4.018,2
3.735,2
4.027,2
2.29,2
4.012,2
1.792,2
2.392,2
2.778,2
3.974,2
2.425,2
2.421,2
2.414,2
2.755,2
3.781,2
3.982,2
3.759,2
3.984,2
3.774,2
3.773,2
3.989,2
2.773,2
3.991,2
2.407,2
2.777,2
3.778,2
3.117,2
3.901,2
3.522,2
3.446,2
1.04,2
3.196,2
3.374,2
3.461,2
3.463,2
1.548,2
3.177,2
3.174,2
1.572,2
1.582,2
3.173,2
3.164,2
4.224,2
4.248,2
3.156,2
3.363,2
3.155,2
4.25,2
4.195,2
4.194,2
3.29,2
0.913,2
3.476,2
3.477,2
3.381,2
3.153,2
4.24,2
4.238,2
1.271,2
3.407,2
1.333,2
4.227,2
3.412,2
1.165,2
4.222,2
3.243,2
4.231,2
1.37,2
3.13,2
1.158,2
4.217,2
4.214,2
1.375,2
4.233,2
4.213,2
1.112,2
4.236,2
1.103,2
3.429,2
3.431,2
1.428,2
3.44,2
3.383,2
1.452,2
0.886,2
4.225,2
0.526,2
1.757,2
0.799,2
3.296,2
4.265,2
1.712,2
1.751,2
3.352,2
3.353,2
4.176,2
1.694,2
4.188,2
1.729,2
3.506,2
3.501,2
3.518,2
3.32,2
3.132,2
3.517,2
1.746,2
3.498,2
2.593,3
3.394,3
2.772,3
5.071,3
3.391,3
3.887,3
2.594,3
5.851,3
5.061,3
3.883,3
5.846,3
3.779,3
5.836,3
5.057,3
5.056,3
4.897,3
5.072,3
4.951,3
4.894,3
2.795,3
5.119,3
2.574,3
7.04,3
2.79,3
5.111,3
5.625,3
5.732,3
3.751,3
3.894,3
5.1,3
2.776,3
5.871,3
3.398,3
5.096,3
7.022,3
3.323,3
3.249,3
2.58,3
5.088,3
3.322,3
3.766,3
5.761,3
4.893,3
7.026,3
3.252,3
5.723,3
5.831,3
2.712,3
4.995,3
5.816,3
3.813,3
5.676,3
3.291,3
6.828,3
5.802,3
3.351,3
4.932,3
3.361,3
3.349,3
3.818,3
3.827,3
6.849,3
5.792,3
4.94,3
6.878,3
5.7,3
4.963,3
2.677,3
5.698,3
5.699,3
6.873,3
5.709,3
4.911,3
2.713,3
3.371,3
5.044,3
2.752,3
5.663,3
5.039,3
3.84,3
4.912,3
5.036,3
5.027,3
3.376,3
3.375,3
4.913,3
3.263,3
4.914,3
3.373,3
6.794,3
3.801,3
6.942,3
3.346,3
5.012,3
6.802,3
6.807,3
2.715,3
3.869,3
3.865,3
6.785,3
5.825,3
2.825,3
5.129,3
3.583,3
3.143,3
6.052,3
3.492,3
5.499,3
3.589,3
3.054,3
6.229,3
6.051,3
3.146,3
6.233,3
3.487,3
5.341,3
6.207,3
3.031,3
3.151,3
3.475,3
5.33,3
6.281,3
3.024,3
3.019,3
6.299,3
5.321,3
5.524,3
5.312,3
3.003,3
3.0,3
6.327,3
5.515,3
3.58,3
6.206,3
6.063,3
3.52,3
3.116,3
6.113,3
3.114,3
5.467,3
3.537,3
6.079,3
5.443,3
3.541,3
5.433,3
3.546,3
5.426,3
3.547,3
5.423,3
3.554,3
5.417,3
3.558,3
5.414,3
6.076,3
3.561,3
6.164,3
6.07,3
3.505,3
5.487,3
6.064,3
5.393,3
3.079,3
6.189,3
3.063,3
6.328,3
5.301,3
5.529,3
6.342,3
2.888,3
5.205,3
3.692,3
5.202,3
2.869,3
6.519,3
3.699,3
5.931,3
3.702,3
5.181,3
3.211,3
3.426,3
3.217,3
5.158,3
5.157,3
3.725,3
5.906,3
2.815,3
5.148,3
5.147,3
3.732,3
5.14,3
2.813,3
5.137,3
5.618,3
5.619,3
5.876,3
6.606,3
6.607,3
3.209,3
3.406,3
5.582,3
5.219,3
5.531,3
2.977,3
6.356,3
2.969,3
5.289,3
3.643,3
2.968,3
3.648,3
2.966,3
5.989,3
5.548,3
6.391,3
2.949,3
3.19,3
5.563,3
2.944,3
3.449,3
3.667,3
5.243,3
3.204,3
3.673,3
5.24,3
6.44,3
3.442,3
2.925,3
5.576,3
3.681,3
5.227,3
5.221,3
3.688,3
3.01,3
4.953,3
4.101,3
7.562,3
4.411,3
2.295,3
4.677,3
4.023,3
4.414,3
1.608,3
4.029,3
2.289,3
4.032,3
4.663,3
1.648,3
7.666,3
7.678,3
2.254,3
1.652,3
4.036,3
4.421,3
4.191,3
7.743,3
1.667,3
4.427,3
4.431,3
4.187,3
2.223,3
1.717,3
4.647,3
4.196,3
4.646,3
9.472,3
4.009,3
4.375,3
4.376,3
7.346,3
2.408,3
4.211,3
3.988,3
1.496,3
4.726,3
4.725,3
7.361,3
4.205,3
4.204,3
7.373,3
1.521,3
4.715,3
4.0,3
4.706,3
4.389,3
7.451,3
4.39,3
4.2,3
4.199,3
4.402,3
4.698,3
4.406,3
4.694,3
4.693,3
4.408,3
4.645,3
1.723,3
4.183,3
1.882,3
4.096,3
4.577,3
1.887,3
4.097,3
4.502,3
4.503,3
4.569,3
4.504,3
8.505,3
4.563,3
4.134,3
1.917,3
2.107,3
4.559,3
1.923,3
4.13,3
1.984,3
4.106,3
4.519,3
4.125,3
1.997,3
8.1,3
4.537,3
4.524,3
4.536,3
2.001,3
4.094,3
4.582,3
4.494,3
2.145,3
4.049,3
4.182,3
7.765,3
4.052,3
4.055,3
2.204,3
4.444,3
1.76,3
1.764,3
1.766,3
4.627,3
4.465,3
4.066,3
10.112,3
1.806,3
2.191,3
4.475,3
4.478,3
4.481,3
1.858,3
7.874,3
4.485,3
4.152,3
4.084,3
8.65,3
7.908,3
4.145,3
4.089,3
4.468,3
4.373,3
7.452,3
4.304,3
7.156,3
7.152,3
7.132,3
4.329,3
4.237,3
4.796,3
4.841,3
3.916,3
4.332,3
4.334,3
3.951,3
3.952,3
4.845,3
2.522,3
4.849,3
3.953,3
4.342,3
4.828,3
1.243,3
2.491,3
4.281,3
0.92,3
4.3,3
3.935,3
7.166,3
4.251,3
7.168,3
4.289,3
3.938,3
3.941,3
4.821,3
4.244,3
4.317,3
2.507,3
4.287,3
0.802,3
11.664,3
2.498,3
1.067,3
4.776,3
4.337,3
4.349,3
4.757,3
4.754,3
4.859,3
2.567,3
4.221,3
1.357,3
4.768,3
4.271,3
4.27,3
7.086,3
2.545,3
2.563,3
4.769,3
4.363,3
2.54,3
4.273,3
4.871,3
3.979,3
3.961,3
1.32,3
7.127,3
4.352,3
4.86,3
7.259,3
4.852,3
5.452,4
3.053,4
3.532,4
4.123,4
0.832,4
5.358,4
4.297,4
5.789,4
4.293,4
5.741,4
3.587,4
4.291,4
2.029,4
3.54,4
3.358,4
1.812,4
6.142,4
5.79,4
5.785,4
4.284,4
3.302,4
3.573,4
3.084,4
3.301,4
3.568,4
3.3,4
5.4,4
5.722,4
4.463,4
4.497,4
3.093,4
0.743,4
4.487,4
4.277,4
3.581,4
5.379,4
4.143,4
1.989,4
4.144,4
4.491,4
3.304,4
4.283,4
4.151,4
3.551,4
5.375,4
3.329,4
5.783,4
1.783,4
3.428,4
3.123,4
3.457,4
3.244,4
1.54,4
1.353,4
4.12,4
4.351,4
4.198,4
6.001,4
3.158,4
4.407,4
5.866,4
3.399,4
3.473,4
5.635,4
4.339,4
3.182,4
5.979,4
3.189,4
3.191,4
1.379,4
4.369,4
5.924,4
5.58,4
3.439,4
5.913,4
5.912,4
5.864,4
1.487,4
4.219,4
5.9,4
4.206,4
5.894,4
3.239,4
3.411,4
3.451,4
4.208,4
3.395,4
4.415,4
3.392,4
1.006,4
0.966,4
6.065,4
4.305,4
4.372,4
3.276,4
3.507,4
5.668,4
5.811,4
3.135,4
5.81,4
4.179,4
3.282,4
0.959,4
3.521,4
4.163,4
3.509,4
3.118,4
1.674,4
3.497,4
3.154,4
3.253,4
6.022,4
1.087,4
4.418,4
4.327,4
4.419,4
4.243,4
3.484,4
4.323,4
6.046,4
5.501,4
4.422,4
4.321,4
4.424,4
1.659,4
6.041,4
2.032,4
7.046,4
6.23,4
5.059,4
5.058,4
3.98,4
4.748,4
4.749,4
5.048,4
2.766,4
5.045,4
2.753,4
5.042,4
3.983,4
5.041,4
2.742,4
2.45,4
2.726,4
2.451,4
2.46,4
2.718,4
3.963,4
4.774,4
4.777,4
2.474,4
2.743,4
3.987,4
4.732,4
3.772,4
2.828,4
6.584,4
4.024,4
4.674,4
5.136,4
3.742,4
2.809,4
2.797,4
5.124,4
2.367,4
5.118,4
2.37,4
5.116,4
4.532,4
3.757,4
3.999,4
3.758,4
4.714,4
6.672,4
6.674,4
7.367,4
2.406,4
3.99,4
5.003,4
7.687,4
2.475,4
4.999,4
3.932,4
3.845,4
4.942,4
3.931,4
4.939,4
4.938,4
6.912,4
3.85,4
3.925,4
4.827,4
3.842,4
6.918,4
4.837,4
3.917,4
2.528,4
3.911,4
2.606,4
4.853,4
3.888,4
4.855,4
2.581,4
4.87,4
4.926,4
3.841,4
3.934,4
5.735,4
4.786,4
3.811,4
2.477,4
4.791,4
4.991,4
4.99,4
2.71,4
4.987,4
4.986,4
2.49,4
6.841,4
3.942,4
4.803,4
3.823,4
4.977,4
3.826,4
2.68,4
3.83,4
3.831,4
4.808,4
3.939,4
6.865,4
3.835,4
3.808,4
5.162,4
5.736,4
5.268,4
4.561,4
3.682,4
5.248,4
3.618,4
6.467,4
2.2,4
4.077,4
3.684,4
4.556,4
3.686,4
5.249,4
4.11,4
4.552,4
2.074,4
3.685,4
3.634,4
4.062,4
3.68,4
2.934,4
2.183,4
4.572,4
5.241,4
4.068,4
4.1,4
4.574,4
4.616,4
4.568,4
7.045,4
2.997,4
5.234,4
4.565,4
4.268,4
4.57,4
4.548,4
4.111,4
4.053,4
5.345,4
2.136,4
4.041,4
5.346,4
2.854,4
3.658,4
2.14,4
4.118,4
2.845,4
3.654,4
6.561,4
5.171,4
4.59,4
3.715,4
4.04,4
4.596,4
4.09,4
4.547,4
3.704,4
3.05,4
5.206,4
4.643,4
2.175,4
5.203,4
2.887,4
6.533,4
4.082,4
4.544,4
6.251,4
4.048,4
2.948,4
2.862,4
3.039,4
4.076,4
2.114,5
2.503,5
2.686,5
1.013,5
2.836,5
5.795,5
6.228,5
2.569,5
6.225,5
2.551,5
0.307,5
3.321,5
0.487,5
6.973,5
2.067,5
3.292,5
0.794,5
2.652,5
2.659,5
3.261,5
2.662,5
3.012,5
2.663,5
3.001,5
1.979,5
1.267,5
3.099,5
5.942,5
3.202,5
2.774,5
3.198,5
3.197,5
1.736,5
2.783,5
1.535,5
2.87,5
2.867,5
3.181,5
2.903,5
2.381,5
2.861,5
2.86,5
2.229,5
2.803,5
6.008,5
2.347,5
2.811,5
2.306,5
2.814,5
2.262,5
2.839,5
2.792,5
2.767,5
1.745,5
2.201,5
5.856,5
3.102,5
2.954,5
2.151,5
3.103,5
1.834,5
6.144,5
3.248,5
2.837,5
2.717,5
3.245,5
2.466,5
6.124,5
3.24,5
2.737,5
2.442,5
3.234,5
2.199,5
1.801,5
3.22,5
2.416,5
2.922,5
3.125,5
3.127,5
1.77,5
3.098,5
2.38,5
4.269,5
3.785,5
3.489,5
4.723,5
3.5,5
3.736,5
3.51,5
3.73,5
5.462,5
3.995,5
3.771,5
4.765,5
5.458,5
5.456,5
3.847,5
3.534,5
5.047,5
4.778,5
3.972,5
5.153,5
4.178,5
3.996,5
3.746,5
4.15,5
3.425,5
5.589,5
3.762,5
3.436,5
4.328,5
4.177,5
3.455,5
4.006,5
3.466,5
3.467,5
4.168,5
3.471,5
4.449,5
5.525,5
4.466,5
4.973,5
3.557,5
3.859,5
3.605,5
4.416,5
5.043,5
3.606,5
5.04,5
4.857,5
3.616,5
4.848,5
4.249,5
4.207,5
3.905,5
3.623,5
4.883,5
3.892,5
3.629,5
5.296,5
4.404,5
3.562,5
3.915,5
4.192,5
3.672,5
3.86,5
3.861,5
4.209,5
4.806,5
5.163,5
3.582,5
5.262,5
5.258,5
4.285,5
3.586,5
5.353,5
4.915,5
3.6,5
3.659,5
3.922,5
3.585,5
4.141,5
4.386,5
4.069,5
4.56,5
5.018,5
4.605,5
4.121,5
4.081,5
4.275,5
3.364,5
3.385,5
4.584,5
4.35,5
3.342,5
4.989,5
4.266,5
5.184,5
4.122,5
5.64,5
5.691,5
5.186,5
5.644,5
5.657,5
3.382,5
4.051,5
3.356,5
4.046,5
4.103,5
4.628,5
3.415,5
4.622,5
3.709,5
4.127,5
2.653,6
3.106,6
4.805,6
3.107,6
3.277,6
2.501,6
2.689,6
2.465,6
3.783,6
3.285,6
4.433,6
4.77,6
2.502,6
2.504,6
4.432,6
4.79,6
3.95,6
3.279,6
2.483,6
2.18,6
3.544,6
2.799,6
3.091,6
2.472,6
3.569,6
5.437,6
4.226,6
3.724,6
3.283,6
3.076,6
4.43,6
3.805,6
2.756,6
4.223,6
2.951,6
3.334,6
3.908,6
4.341,6
4.197,6
3.708,6
3.622,6
1.576,6
2.853,6
2.077,6
3.002,6
3.02,6
2.57,6
1.519,6
5.024,6
2.987,6
3.627,6
3.891,6
3.326,6
4.247,6
4.901,6
2.971,6
4.907,6
2.99,6
3.59,6
2.962,6
4.298,6
3.592,6
4.807,6
3.936,6
3.719,6
3.703,6
3.345,6
3.049,6
2.953,6
4.592,6
2.628,6
2.543,6
3.803,6
4.29,6
2.529,6
3.802,6
4.38,6
4.267,6
3.305,6
3.034,6
2.135,6
3.909,6
3.612,6
2.956,6
3.599,6
4.128,6
4.766,6
3.69,6
3.833,6
5.567,6
1.839,6
5.74,6
3.192,6
5.07,6
4.482,6
2.676,6
3.744,6
3.763,6
3.687,6
4.371,6
2.872,6
4.686,6
2.342,6
2.349,6
3.368,6
4.132,6
4.457,6
3.696,6
2.375,6
2.81,6
4.456,6
0.587,6
5.573,6
2.886,6
3.693,6
3.691,6
2.241,6
1.892,6
3.419,6
3.232,6
3.231,6
4.034,6
4.033,6
3.203,6
1.869,6
2.282,6
3.219,6
4.368,6
1.096,6
4.047,6
3.216,6
4.022,6
2.881,6
2.709,6
3.401,6
4.984,6
2.671,6
3.743,6
3.148,6
4.512,6
4.377,6
4.735,6
2.412,6
3.142,6
3.978,6
3.524,6
2.812,6
1.16,6
3.166,6
3.138,6
3.369,6
4.276,6
5.23,6
4.633,6
2.664,6
3.519,6
4.634,6
3.485,6
3.131,6
3.876,6
4.705,6
3.997,6
3.254,6
4.067,6
0.791,6
3.147,6
4.129,6
2.391,6
4.44,6
4.063,6
3.152,6
2.209,6
3.479,6
4.717,6
3.639,7
3.856,7
3.844,7
3.65,7
2.622,7
2.608,7
2.615,7
3.872,7
3.782,7
2.651,7
3.713,7
3.828,7
2.907,7
4.218,7
4.374,7
2.95,7
4.338,7
2.716,7
1.048,7
3.697,7
3.698,7
3.706,7
4.245,7
2.744,7
2.644,7
2.909,7
3.657,7
3.651,7
3.829,7
2.921,7
1.135,7
2.926,7
3.816,7
2.747,7
2.666,7
3.748,7
4.346,7
4.043,7
3.238,7
1.907,7
2.235,7
2.247,7
4.66,7
3.761,7
2.78,7
3.218,7
4.137,7
2.288,7
3.443,7
3.2,7
2.307,7
3.454,7
4.159,7
2.326,7
3.737,7
5.135,7
3.167,7
4.154,7
0.65,7
4.133,7
3.246,7
3.327,7
0.221,7
4.551,7
4.112,7
2.11,7
4.095,7
3.747,7
2.798,7
3.344,7
3.408,7
2.15,7
2.162,7
1.239,7
4.517,7
2.207,7
2.212,7
2.213,7
1.924,7
3.396,7
3.397,7
4.595,7
2.835,7
4.452,7
3.491,7
3.051,7
2.51,7
3.604,7
2.515,7
4.252,7
3.037,7
3.614,7
3.023,7
3.022,7
3.488,7
3.906,7
3.624,7
3.626,7
4.875,7
4.392,7
4.202,7
4.896,7
1.539,7
2.979,7
3.631,7
5.31,7
2.506,7
3.591,7
3.579,7
3.139,7
4.443,7
3.975,7
3.731,7
3.513,7
3.523,7
3.77,7
3.53,7
3.966,7
4.186,7
3.535,7
3.565,7
2.486,7
3.083,7
3.078,7
3.948,7
4.19,7
3.073,7
3.064,7
3.11,7
5.046,8
3.75,8
2.754,8
3.76,8
2.765,8
1.282,8
2.687,8
3.976,8
3.977,8
4.004,8
4.7,8
4.161,8
2.325,8
1.825,8
2.315,8
4.679,8
1.843,8
2.281,8
1.862,8
2.261,8
1.919,8
2.171,8
4.083,8
4.093,8
2.018,8
4.114,8
2.427,8
3.79,8
2.439,8
2.441,8
3.834,8
3.846,8
3.848,8
3.87,8
4.916,8
2.623,8
4.387,8
2.6,8
2.558,8
2.548,8
2.539,8
4.815,8
2.505,8
2.791,8
2.488,8
1.678,8
4.782,8
2.47,8
4.771,8
2.44,8
4.189,8
2.092,8
0.767,8
0.611,8
3.185,8
3.723,8
3.578,8
3.46,8
3.18,8
3.72,8
3.47,8
3.472,8
1.11,8
3.011,8
3.503,8
3.126,8
3.675,8
3.607,8
3.109,8
3.035,8
3.707,8
3.542,8
2.859,8
3.566,8
2.826,8
2.98,8
4.282,8
2.975,8
3.423,8
3.251,8
3.343,8
3.666,8
3.4,8
3.312,8
4.242,8
3.416,8
3.315,8
3.417,8
3.33,8
3.325,8
5.123,8
3.359,8
2.641,9
2.933,9
2.541,9
3.044,9
3.047,9
3.615,9
3.933,9
3.036,9
2.568,9
3.66,9
2.981,9
2.605,9
2.985,9
2.986,9
3.637,9
2.973,9
5.281,9
2.578,9
2.577,9
2.576,9
2.957,9
3.898,9
3.903,9
3.904,9
2.955,9
3.005,9
2.579,9
3.749,9
4.264,9
3.199,9
3.201,9
4.03,9
2.273,9
4.031,9
1.888,9
3.418,9
5.611,9
1.916,9
3.367,9
2.187,9
2.01,9
2.143,9
2.028,9
2.056,9
2.316,9
3.06,9
4.464,9
4.461,9
1.682,9
3.545,9
3.536,9
1.707,9
2.464,9
1.716,9
3.134,9
1.74,9
3.141,9
0.662,9
3.478,9
4.704,9
3.168,9
3.465,9
4.162,9
4.013,9
2.667,9
3.328,9
2.831,9
4.354,9
2.74,9
2.694,9
2.852,9
4.23,9
3.722,9
2.725,9
4.324,9
4.235,9
2.805,9
2.759,9
2.748,9
2.808,9
1.254,9
2.796,9
3.628,10
4.473,10
3.183,10
3.267,10
3.807,10
2.411,10
1.559,10
3.366,10
2.885,10
3.059,10
2.891,10
2.779,10
1.963,10
2.467,10
3.81,10
2.534,10
3.769,10
2.303,10
3.045,10
2.513,10
3.256,10
4.856,10
3.602,10
3.046,10
0.963,10
3.617,10
2.736,10
1.932,10
3.923,10
2.698,10
3.278,10
3.504,10
3.424,10
2.983,10
1.305,10
3.791,10
3.36,10
2.482,10
1.459,10
2.634,10
2.764,10
2.042,10
4.115,10
2.398,10
4.575,10
2.36,10
3.849,10
2.762,10
2.72,10
3.332,10
4.701,10
2.92,10
1.406,10
3.316,10
2.965,10
1.727,10
3.576,10
3.459,10
1.187,10
3.341,10
2.495,10
2.144,10
2.293,10
3.638,10
2.745,11
1.846,11
3.233,11
3.12,11
3.804,11
3.965,11
3.427,11
3.42,11
3.921,11
3.222,11
3.077,11
5.351,11
3.553,11
2.496,11
3.052,11
2.452,11
2.494,11
3.048,11
2.863,11
2.292,11
4.662,11
3.949,11
5.007,11
3.235,11
3.071,11
4.32,11
2.348,11
4.331,11
2.978,11
3.483,11
1.1,11
2.016,11
2.802,11
2.621,11
2.904,11
3.303,11
2.685,11
2.782,11
2.669,11
1.75,11
3.839,11
2.359,11
2.066,11
2.361,11
3.674,11
3.179,11
2.665,11
3.662,11
3.145,11
1.138,11
3.494,11
3.993,11
3.456,11
2.533,11
3.767,11
3.275,11
3.625,11
2.695,11
2.88,11
3.188,11
3.815,11
2.701,11
3.26,11
1.589,11
3.021,11
3.45,11
2.311,12
3.508,12
1.23,12
3.714,12
2.424,12
4.484,12
3.994,12
2.399,12
3.14,12
2.358,12
2.351,12
2.409,12
0.586,12
3.112,12
3.525,12
2.379,12
2.473,12
2.7,12
2.133,12
3.025,12
2.139,12
3.259,12
2.55,12
3.62,12
2.614,12
2.287,12
3.265,12
3.266,12
2.972,12
2.884,12
2.012,12
2.89,12
4.075,12
1.532,12
2.161,12
3.39,12
2.122,12
2.929,12
4.142,12
1.886,12
1.622,12
3.56,12
1.891,12
3.331,12
2.243,12
3.402,12
2.055,12
3.25,12
1.623,12
3.695,12
3.729,12
2.369,13
3.17,13
2.073,13
4.119,13
2.751,13
3.337,13
3.333,13
2.801,13
2.101,13
4.124,13
2.198,13
0.505,13
3.223,13
3.224,13
3.422,13
4.671,13
1.881,13
3.212,13
2.818,13
3.247,13
1.258,13
3.448,13
3.452,13
2.211,13
4.021,13
3.262,13
1.822,13
1.964,13
2.807,13
2.184,13
3.365,13
3.362,13
1.906,13
3.111,13
3.91,13
4.296,13
2.449,13
2.41,13
3.689,13
2.511,13
2.964,13
2.864,13
2.417,13
4.42,13
3.074,13
2.423,13
3.893,13
3.8,13
3.799,13
1.731,13
3.115,13
3.671,13
2.932,13
2.53,13
1.626,13
2.402,13
2.906,13
2.988,13
2.575,13
3.469,13
3.157,13
4.403,13
3.004,13
2.602,13
4.311,13
3.526,13
2.561,13
2.56,13
1.323,13
0.978,13
2.931,13
2.536,13
3.348,14
1.249,14
3.113,14
2.459,14
3.902,14
2.963,14
2.673,14
2.271,14
2.819,14
2.589,14
2.59,14
1.861,14
3.226,14
2.182,14
3.453,14
3.186,14
1.747,14
2.387,14
2.386,14
2.106,14
2.318,14
2.827,14
2.046,14
3.124,14
3.144,15
2.405,15
2.832,15
2.844,15
3.357,15
3.985,15
2.221,15
3.293,15
3.35,15
4.184,15
2.976,15
2.4,15
2.071,15
3.721,15
3.28,15
2.587,15
2.661,15
2.189,15
3.896,15
2.927,15
1.983,15
2.353,15
1.811,15
2.234,15
3.843,15
3.097,15
2.627,15
2.112,15
2.719,15
2.118,15
3.229,15
2.422,15
1.838,15
1.315,15
2.758,16
4.353,16
1.432,16
2.5,16
2.858,16
1.164,16
2.892,16
2.19,16
1.445,16
3.511,16
2.186,16
1.713,16
3.169,16
2.883,16
3.496,16
2.21,16
2.138,16
2.607,16
3.072,16
1.8,16
2.896,16
3.184,16
2.542,16
2.149,16
3.57,16
2.902,16
3.082,16
1.905,16
2.025,16
1.466,16
2.952,16
3.255,16
3.23,16
2.785,16
2.967,17
2.007,17
2.8,17
2.672,17
1.025,17
2.0,17
2.119,17
3.683,17
2.377,17
0.975,17
2.239,17
2.24,17
3.937,17
2.26,17
3.421,17
2.481,17
3.552,17
3.108,17
2.426,17
2.32,17
0.676,17
1.785,17
2.842,17
1.777,17
2.385,17
3.165,17
2.376,17
3.237,17
3.41,17
3.563,17
3.409,17
2.572,17
2.746,17
3.768,17
2.196,17
3.37,17
2.728,18
2.941,18
2.683,18
1.926,18
2.757,18
0.703,18
1.594,18
2.682,18
2.453,18
3.264,18
2.094,18
2.1,18
2.928,18
2.588,18
2.787,18
2.17,18
4.113,18
3.386,18
2.286,18
0.82,18
2.514,18
2.531,18
2.538,18
2.02,18
3.061,18
2.009,18
2.468,18
2.181,18
2.164,18
1.876,18
2.008,18
3.313,18
2.283,18
2.272,18
2.39,18
2.027,19
1.223,19
1.89,19
1.795,19
2.047,19
2.314,19
2.633,19
3.324,19
2.163,19
2.305,19
2.916,19
3.119,19
2.982,19
2.203,19
2.291,19
2.865,19
2.938,19
2.388,20
1.664,20
3.468,20
1.987,20
2.378,20
1.927,20
2.093,20
3.15,20
1.529,20
2.469,20
3.384,20
2.908,20
3.336,20
1.49,20
1.741,20
3.062,20
2.843,20
3.281,20
2.105,20
2.741,20
2.054,20
2.053,20
2.049,20
4.008,21
3.48,21
2.097,21
2.148,21
2.197,21
1.769,21
2.493,21
2.626,21
2.113,21
3.122,21
2.604,21
1.61,21
2.233,21
3.187,21
1.981,21
2.841,21
2.324,21
1.915,21
1.883,21
2.447,21
1.201,21
1.954,21
2.894,21
2.76,22
1.625,22
2.97,22
2.794,22
1.183,22
1.226,22
2.418,22
1.696,22
2.137,22
3.284,22
2.259,22
3.444,22
2.041,22
2.838,23
2.761,23
1.543,23
2.244,23
2.319,23
1.749,23
2.255,23
2.532,23
2.03,23
2.882,23
1.86,23
3.042,23
1.382,23
1.999,23
0.917,23
2.833,23
0.941,24
2.699,24
3.149,24
1.962,24
2.065,24
2.04,24
2.62,24
2.12,24
2.031,24
2.384,24
3.137,24
2.549,24
1.835,24
1.666,25
2.072,25
1.744,25
2.66,25
2.599,25
3.205,25
2.897,25
1.761,25
1.988,25
2.688,25
3.015,25
3.008,25
2.681,25
2.499,26
3.016,26
1.621,26
2.34,26
1.904,26
2.168,26
2.231,26
2.045,26
1.351,26
2.625,26
1.334,26
3.056,26
1.55,27
2.905,27
1.19,27
2.497,27
1.538,27
2.015,27
2.624,27
2.48,27
0.77,27
2.185,27
2.895,27
2.544,27
2.142,27
2.169,27
1.651,28
1.735,28
2.102,28
2.202,28
2.357,28
1.998,28
1.967,29
2.195,29
2.668,29
2.026,29
2.93,29
2.134,29
1.768,29
2.866,29
2.989,29
1.925,29
2.222,29
1.798,29
1.575,29
2.257,29
1.913,29
1.724,29
3.041,29
2.711,30
2.781,30
2.176,30
1.81,30
3.075,30
2.786,30
2.044,30
1.845,30
1.889,30
1.931,30
1.88,30
1.573,30
1.65,30
2.674,31
2.428,31
2.246,31
1.337,31
1.98,31
2.296,31
2.28,31
1.053,31
2.063,32
2.167,32
2.82,32
2.389,32
2.117,32
2.076,32
2.729,32
1.799,32
3.04,32
2.586,32
3.043,32
1.968,33
2.512,33
1.586,33
2.749,33
1.558,33
2.537,33
2.84,33
2.312,33
1.086,34
2.284,34
2.111,34
2.313,34
1.961,34
1.756,34
1.738,34
2.763,34
2.591,34
1.639,34
2.67,34
1.374,34
2.601,34
1.632,34
1.71,34
2.565,35
0.88,35
2.521,35
2.403,35
2.024,35
2.368,35
1.661,35
2.099,35
1.618,36
2.643,36
1.676,36
2.775,36
1.675,36
2.095,36
2.096,36
1.982,36
2.419,36
1.794,36
2.23,36
3.026,37
1.965,37
1.66,37
1.821,37
1.975,37
1.235,37
1.767,37
2.947,37
2.013,37
1.27,37
2.285,37
1.726,38
2.562,38
2.014,38
1.844,38
2.366,38
1.099,38
2.697,38
2.194,38
1.649,38
2.104,38
2.456,38
1.465,39
1.914,39
2.317,39
1.859,40
1.634,40
1.903,40
1.725,40
2.592,40
1.673,40
2.642,40
1.762,40
2.893,40
2.603,40
1.874,41
1.715,41
1.431,41
2.675,41
1.242,41
2.226,41
1.531,41
1.677,41
1.966,41
2.573,41
2.208,41
2.337,41
1.969,41
2.696,41
1.356,42
2.16,42
1.518,42
2.048,42
1.681,42
1.592,42
2.279,42
2.341,42
2.343,42
1.951,43
1.601,43
1.462,43
1.878,43
2.492,43
2.323,43
1.665,44
1.902,44
2.216,44
2.454,44
2.806,44
1.663,45
2.038,45
1.885,45
1.837,45
1.494,45
1.63,45
0.864,46
1.929,46
1.084,46
2.75,46
2.476,47
2.322,47
1.755,48
1.748,48
2.242,48
2.458,48
2.021,48
2.535,48
1.301,48
1.732,49
1.6,49
2.098,50
2.463,50
2.165,50
1.089,51
1.953,51
1.365,51
1.672,51
1.739,52
1.556,52
1.793,52
1.354,52
1.818,52
1.461,52
2.215,53
1.402,53
0.882,53
1.492,53
1.714,54
1.807,54
2.321,54
1.901,54
2.023,54
0.529,54
2.057,55
1.733,55
1.603,55
2.487,55
2.35,55
2.103,56
1.429,56
2.147,57
1.92,57
1.631,57
2.304,57
2.684,57
2.017,58
1.624,58
2.256,58
1.336,59
1.527,59
2.011,59
2.401,59
2.188,59
2.132,59
1.557,59
1.776,59
1.824,60
1.62,60
2.115,60
2.559,61
1.405,61
2.177,61
1.056,62
1.523,62
2.064,63
2.109,63
2.457,63
2.116,63
1.59,64
2.274,65
1.441,65
1.314,65
1.574,65
1.489,65
1.542,66
1.952,66
1.899,66
2.448,66
1.584,67
1.388,67
1.638,67
1.488,67
0.868,68
2.141,68
2.245,68
1.784,69
2.075,69
1.279,69
1.147,69
1.268,69
1.537,70
1.444,70
1.185,70
1.393,70
2.404,71
1.809,71
1.53,71
1.137,71
2.166,71
1.46,72
1.949,72
1.541,72
2.081,73
1.371,73
1.743,73
1.82,74
1.525,74
1.935,74
1.93,75
1.695,75
2.121,76
1.879,76
1.171,76
1.448,76
1.836,76
1.709,77
2.258,77
1.322,77
1.789,78
2.022,78
1.662,78
1.417,79
0.885,80
1.593,80
1.609,81
1.602,81
1.163,81
1.304,81
1.875,82
0.968,82
1.317,82
1.73,82
1.145,82
1.841,83
0.397,83
1.868,84
0.877,84
1.884,85
1.102,85
1.893,86
1.842,86
0.292,86
1.464,86
2.037,87
1.517,87
1.912,88
1.796,88
1.225,88
2.232,89
0.361,90
1.316,90
1.633,91
1.229,91
1.742,92
1.802,93
2.352,94
1.524,94
2.383,94
1.708,97
1.692,98
1.446,98
0.958,98
0.725,99
0.582,100
1.549,101
1.228,103
1.833,103
1.808,103
1.156,104
1.782,105
1.021,105
1.189,107
1.628,109
1.763,109
1.693,109
1.974,110
1.28,110
0.489,111
0.956,112
1.355,112
1.526,117
1.671,117
1.658,118
1.711,118
1.392,119
1.303,120
1.43,121
1.313,123
1.321,124
1.068,125
1.554,126
1.269,126
1.372,127
1.387,128
2.004,129
1.679,131
1.443,132
1.416,132
1.68,133
0.977,133
1.928,134
1.052,136
1.098,137
0.724,137
1.157,138
1.591,141
1.568,142
1.463,143
1.491,143
1.349,145
1.44,146
1.9,146
0.919,148
1.56,150
1.734,150
1.585,151
0.613,152
1.07,152
1.05,152
1.495,153
1.302,154
1.583,156
0.524,158
0.883,159
1.404,160
1.373,160
1.447,161
1.451,161
1.011,166
1.442,168
0.943,169
1.619,169
1.381,171
1.473,171
1.819,171
1.255,171
1.536,173
1.224,175
1.38,176
1.347,177
0.66,180
1.335,181
1.449,181
1.241,181
1.364,181
1.35,183
1.184,187
1.493,188
1.458,192
1.188,197
1.17,198
1.012,199
1.296,201
1.257,201
0.793,201
1.234,203
1.085,214
0.58,214
1.069,217
1.338,218
1.049,220
1.097,225
1.25,226
1.202,227
1.146,228
1.522,229
0.745,239
1.101,242
1.161,244
1.136,246
1.238,246
0.831,249
1.007,255
1.088,258
1.209,259
1.312,261
0.732,262
0.797,266
1.281,271
1.348,273
0.863,277
0.673,279
1.108,281
1.403,281
1.02,284
1.152,284
1.111,284
0.862,285
1.175,287
1.008,292
0.957,292
1.162,294
1.071,294
1.24,294
1.051,299
0.769,300
1.227,305
1.148,320
1.009,323
1.057,327
1.024,328
1.256,330
0.964,333
1.116,336
0.976,342
0.83,352
1.128,352
1.041,353
0.796,363
0.702,371
0.701,372
0.967,373
0.918,383
0.884,384
1.019,396
0.441,400
0.881,404
0.8,412
0.44,431
0.878,436
0.675,441
1.005,441
0.744,446
0.867,466
0.912,469
0.792,478
0.731,479
0.934,511
0.91,521
0.866,531
0.819,555
0.829,556
0.895,573
0.661,575
0.965,584
0.293,598
0.726,603
0.723,605
0.362,663
0.784,671
0.694,674
0.525,682
0.612,707
0.942,724
0.651,747
0.488,748
0.242,751
0.801,768
0.396,771
0.528,772
0.564,776
0.585,778
0.306,785
0.439,793
0.506,802
0.22,802
0.347,808
0.625,841
0.384,845
0.588,846
0.484,846
0.455,853
0.768,1002
0.146,1065
0.581,1352
0.674,1557
